{"cameraMode":{"drawMode":0,"name":"Shaded","section":"Shading Mode"},"sceneLighting":false,"audioPlay":false,"sceneViewState":{"showFog":true,"showMaterialUpdate":false,"showSkybox":false,"showFlares":true,"showImageEffects":true,"showParticleSystems":true},"in2DMode":false,"pivot":{"x":0.0,"y":-0.00883781909942627,"z":1.437000036239624},"rotation":{"x":0.003842646721750498,"y":0.7374109029769898,"z":0.004192842170596123,"w":-0.6754205226898193},"size":2.358945846557617,"orthographic":false}