{"cameraMode":{"drawMode":0,"name":"Shaded","section":"Shading Mode"},"sceneLighting":true,"audioPlay":false,"sceneViewState":{"showFog":true,"showMaterialUpdate":false,"showSkybox":false,"showFlares":true,"showImageEffects":true,"showParticleSystems":true},"in2DMode":false,"pivot":{"x":1.733736276626587,"y":-10.591246604919434,"z":14.185361862182618},"rotation":{"x":-0.06597977131605149,"y":0.7441236972808838,"z":-0.6606078147888184,"w":-0.07432380318641663},"size":22.0,"orthographic":false}