{"cameraMode":{"drawMode":0,"name":"Shaded","section":"Shading Mode"},"sceneLighting":false,"audioPlay":false,"sceneViewState":{"showFog":true,"showMaterialUpdate":false,"showSkybox":true,"showFlares":true,"showImageEffects":true,"showParticleSystems":true},"in2DMode":false,"pivot":{"x":311.2821044921875,"y":147.20181274414063,"z":313.804443359375},"rotation":{"x":0.08789549767971039,"y":-0.06329631060361862,"z":-0.005596491973847151,"w":-0.9941009283065796},"size":2.5578837394714357,"orthographic":false}