{"cameraMode":{"drawMode":0,"name":"Shaded","section":"Shading Mode"},"sceneLighting":true,"audioPlay":false,"sceneViewState":{"showFog":true,"showMaterialUpdate":false,"showSkybox":true,"showFlares":true,"showImageEffects":true,"showParticleSystems":true},"in2DMode":false,"pivot":{"x":11.652162551879883,"y":-9.755603790283204,"z":-27.601131439208986},"rotation":{"x":0.04387833923101425,"y":0.9550924897193909,"z":-0.1833105981349945,"w":0.22862693667411805},"size":58.744476318359378,"orthographic":false}