{"cameraMode":{"drawMode":0,"name":"Shaded","section":"Shading Mode"},"sceneLighting":false,"audioPlay":false,"sceneViewState":{"showFog":true,"showMaterialUpdate":false,"showSkybox":true,"showFlares":true,"showImageEffects":true,"showParticleSystems":true},"in2DMode":false,"pivot":{"x":-35.12150192260742,"y":-34.996009826660159,"z":-24.416587829589845},"rotation":{"x":-0.13550688326358796,"y":0.8573057055473328,"z":-0.2862113118171692,"w":-0.40589144825935366},"size":89.53083038330078,"orthographic":false}