{"cameraMode":{"drawMode":0,"name":"Shaded","section":"Shading Mode"},"sceneLighting":false,"audioPlay":false,"sceneViewState":{"showFog":true,"showMaterialUpdate":false,"showSkybox":true,"showFlares":true,"showImageEffects":true,"showParticleSystems":true},"in2DMode":false,"pivot":{"x":-0.5250005722045898,"y":2.0952987670898439,"z":0.5150003433227539},"rotation":{"x":0.25003576278686526,"y":0.26947641372680666,"z":-0.07267480343580246,"w":0.927137017250061},"size":51.03659439086914,"orthographic":false}