{"cameraMode":{"drawMode":0,"name":"Shaded","section":"Shading Mode"},"sceneLighting":false,"audioPlay":false,"sceneViewState":{"showFog":true,"showMaterialUpdate":false,"showSkybox":true,"showFlares":true,"showImageEffects":true,"showParticleSystems":true},"in2DMode":false,"pivot":{"x":0.12498719990253449,"y":2.2049927711486818,"z":0.4762520492076874},"rotation":{"x":0.025485901162028314,"y":0.9713301658630371,"z":-0.20217487215995789,"w":0.12244834750890732},"size":11.298382759094239,"orthographic":false}