{"cameraMode":{"drawMode":0,"name":"Shaded","section":"Shading Mode"},"sceneLighting":true,"audioPlay":false,"sceneViewState":{"showFog":true,"showMaterialUpdate":false,"showSkybox":true,"showFlares":true,"showImageEffects":true,"showParticleSystems":true},"in2DMode":false,"pivot":{"x":11.587007522583008,"y":8.706827163696289,"z":11.493743896484375},"rotation":{"x":-0.1141093522310257,"y":0.8559332489967346,"z":-0.21383030712604524,"w":-0.4567646384239197},"size":10.0,"orthographic":false}